setting,mean,k,log_likelihood,converged
total,0.19399181170930022,0.3932502203578186,-1048.599758313885,True
household,0.008500177336400303,1313332.8401424373,-98.05071494215733,True
school,0.030502665824306947,0.1268131105962585,-269.70490935612725,True
workplace,0.034503239355380584,0.09565324880768694,-293.0383089189665,True
family,0.0005000002893338171,193184.12782803667,-8.60090246024994,True
community,0.07150002208914284,0.21814197381155687,-516.7989847204733,True
